frame,timestamp_sec,time_formatted,face_detected,mp_left_cx,mp_left_cy,mp_right_cx,mp_right_cy,left_edge_L_x,left_edge_L_y,left_edge_R_x,left_edge_R_y,left_center_x,left_center_y,left_confidence,left_method,edge_left_cx,edge_left_cy,right_edge_L_x,right_edge_L_y,right_edge_R_x,right_edge_R_y,right_center_x,right_center_y,right_confidence,right_method,edge_right_cx,edge_right_cy,gaze_x,gaze_y,left_deviation,right_deviation,left_jitter,right_jitter
1,0.03333333333333333,00:00.033,True,752.7347412109375,582.6329956054688,1218.565673828125,547.2136840820312,700.0,584.0,703.0,586.0,701.5,585.0,0.05,edge_band,701.5,585.0,1256.0,547.0,1261.0,544.0,1258.5,545.5,0.0625,edge_band,1258.5,545.5,980.0,565.25,51.289388929441024,39.97107854355081,,
2,0.06666666666666667,00:00.067,True,753.32861328125,582.1707153320312,1221.5841064453125,549.8604736328125,703.0,579.0,703.0,579.0,703.0,579.0,0.0625,edge_band,703.0,579.0,1177.0,553.0,1177.0,553.0,1177.0,553.0,0.0125,edge_band,1177.0,553.0,940.0,566.0,50.4283923056287,44.69450943166533,,
3,0.1,00:00.100,True,754.8140258789062,580.9967041015625,1223.305908203125,550.4334106445312,747.0,578.0,793.0,578.0,770.0,578.0,0.15,edge_band,770.0,578.0,1171.0,552.0,1264.0,547.0,1217.5,549.5,0.3125,edge_band,1217.5,549.5,993.75,563.75,15.478825713821143,5.880461333470224,,
4,0.13333333333333333,00:00.133,True,754.6246337890625,579.4530029296875,1223.3787841796875,548.5289916992188,704.0,577.0,799.0,576.0,751.5,576.5,0.3375,edge_band,751.5,576.5,1170.0,546.0,1267.0,550.0,1218.5,548.0,0.6875,edge_band,1218.5,548.0,985.0,562.25,4.299251402104096,4.907378861450517,,
5,0.16666666666666666,00:00.167,True,755.3796997070312,578.1282348632812,1223.3507080078125,548.7654418945312,703.0,575.0,799.0,580.0,751.0,577.5,0.3,edge_band,751.0,577.5,1169.0,552.0,1265.0,546.0,1217.0,549.0,0.45,edge_band,1217.0,549.0,984.0,563.25,4.424528061523808,6.3550381356318315,34.58504912733336,31.53539324752024
6,0.2,00:00.200,True,753.31298828125,579.6941528320312,1224.6082763671875,550.5122680664062,701.0,577.0,799.0,581.0,750.0,579.0,0.375,edge_band,750.0,579.0,1175.0,553.0,1268.0,548.0,1221.5,550.5,0.4125,edge_band,1221.5,550.5,985.75,564.75,3.3849282866726784,3.1083005775294112,26.02162970423189,20.60086815731205
7,0.23333333333333334,00:00.233,True,752.120849609375,582.8762817382812,1224.993896484375,553.212646484375,700.0,580.0,799.0,583.0,749.5,581.5,0.4375,edge_band,749.5,581.5,1171.0,550.0,1269.0,550.0,1220.0,550.0,0.3125,edge_band,1220.0,550.0,984.75,565.75,2.9602371692294436,5.938021516483418,10.660369488111877,2.812444755416079
8,0.26666666666666666,00:00.267,True,750.6504516601562,583.560546875,1224.1534423828125,554.1082763671875,698.0,585.0,797.0,583.0,747.5,584.0,0.55,edge_band,747.5,584.0,1171.0,551.0,1267.0,553.0,1219.0,552.0,0.3625,edge_band,1219.0,552.0,983.25,568.0,3.180953428149104,5.568015592058763,4.610927447159927,3.1973487202078337
9,0.3,00:00.300,True,750.6089477539062,583.7255249023438,1223.3011474609375,553.8206176757812,698.0,581.0,796.0,584.0,747.0,582.5,0.275,edge_band,747.0,582.5,1168.0,553.0,1268.0,557.0,1218.0,555.0,0.7125,edge_band,1218.0,555.0,982.5,568.75,3.8113534573284626,5.430755662822967,4.327121969169175,4.080948425643397
10,0.3333333333333333,00:00.333,True,751.00732421875,583.3824462890625,1223.3199462890625,553.9519653320312,700.0,583.0,798.0,580.0,749.0,581.5,0.175,edge_band,749.0,581.5,1170.0,553.0,1269.0,551.0,1219.5,552.0,0.5375,edge_band,1219.5,552.0,984.25,566.75,2.7519001708611226,4.28977368969206,3.117676163435143,3.243576779516769
11,0.36666666666666664,00:00.367,True,751.7449951171875,583.3825073242188,1225.1796875,555.7760620117188,698.0,584.0,798.0,580.0,748.0,582.0,0.3375,edge_band,748.0,582.0,1172.0,553.0,1269.0,553.0,1220.5,553.0,0.3625,edge_band,1220.5,553.0,984.25,567.5,3.992031428893904,5.441139162947793,2.0736441353322763,2.778359415542683
12,0.4,00:00.400,True,751.6060180664062,583.3080444335938,1225.859130859375,556.0137329101562,696.0,580.0,796.0,584.0,746.0,582.0,0.3,edge_band,746.0,582.0,1172.0,553.0,1273.0,553.0,1222.5,553.0,0.575,edge_band,1222.5,553.0,984.25,567.5,5.756597849522656,4.5129088384504605,2.07980319183301,2.9350080090406707
13,0.43333333333333335,00:00.433,True,745.0106201171875,585.5684814453125,1225.81298828125,556.6100463867188,690.0,589.0,786.0,584.0,738.0,586.5,0.275,edge_band,738.0,586.5,1172.0,554.0,1269.0,554.0,1220.5,554.0,0.525,edge_band,1220.5,554.0,979.25,570.25,7.072235943832839,5.919475197813015,6.436458201467902,2.7833430976150213
14,0.4666666666666667,00:00.467,True,737.897216796875,587.8966064453125,1225.8765869140625,559.7432861328125,682.0,588.0,779.0,591.0,730.5,589.5,0.6,edge_band,730.5,589.5,1172.0,561.0,1270.0,557.0,1221.0,559.0,0.7125,edge_band,1221.0,559.0,975.75,574.25,7.5689951269097175,4.932907277218677,11.432822306551508,3.8703325001131272
15,0.5,00:00.500,True,732.4678344726562,594.7510986328125,1226.720458984375,565.4752807617188,679.0,592.0,778.0,592.0,728.5,592.0,0.425,edge_band,728.5,592.0,1173.0,562.0,1273.0,562.0,1223.0,562.0,0.425,edge_band,1223.0,562.0,975.75,577.0,4.8282765134012475,5.091109056697677,13.271409938641899,5.2591672882967995
16,0.5333333333333333,00:00.533,True,728.4568481445312,596.0879516601562,1226.118408203125,567.7579956054688,672.0,593.0,775.0,593.0,723.5,593.0,0.4,edge_band,723.5,593.0,1169.0,565.0,1267.0,565.0,1218.0,565.0,0.625,edge_band,1218.0,565.0,970.75,579.0,5.8400161800636,8.574094209439982,13.271409938641899,7.096854530486435
17,0.5666666666666667,00:00.567,True,724.7513427734375,598.9486083984375,1222.599853515625,570.01953125,667.0,599.0,775.0,600.0,721.0,599.5,0.4875,edge_band,721.0,599.5,1169.0,567.0,1268.0,567.0,1218.5,567.0,0.7375,edge_band,1218.5,567.0,969.75,583.25,3.791649417086898,5.091794165057071,11.459983333197364,7.147015485802116
18,0.6,00:00.600,True,721.9200439453125,598.818359375,1220.5550537109375,569.4869995117188,664.0,600.0,765.0,596.0,714.5,598.0,0.3625,edge_band,714.5,598.0,1168.0,569.0,1265.0,566.0,1216.5,567.5,0.6375,edge_band,1216.5,567.5,965.5,582.75,7.4650361162568455,4.515708987319548,10.552392701157025,6.161310900552632
19,0.6333333333333333,00:00.633,True,720.1725463867188,600.2072143554688,1218.3770751953125,571.0671997070312,663.0,597.0,765.0,597.0,714.0,597.0,0.575,edge_band,714.0,597.0,1162.0,569.0,1264.0,572.0,1213.0,570.5,1.0,edge_band,1213.0,570.5,963.5,583.75,6.956044336986325,5.406907911524043,9.398279602456217,6.766333746757719
20,0.6666666666666666,00:00.667,True,720.0242309570312,601.90185546875,1217.9642333984375,571.5607299804688,663.0,602.0,764.0,599.0,713.5,600.5,0.4875,edge_band,713.5,600.5,1160.0,571.0,1264.0,571.0,1212.0,571.0,0.675,edge_band,1212.0,571.0,962.75,585.75,6.673139316389939,5.990534044810514,7.520485010347363,5.460290562996623
21,0.7,00:00.700,True,720.9926147460938,601.8080444335938,1216.2137451171875,571.917724609375,664.0,599.0,765.0,599.0,714.5,599.0,0.4625,edge_band,714.5,599.0,1160.0,575.0,1264.0,569.0,1212.0,572.0,0.7625,edge_band,1212.0,572.0,963.25,585.5,7.073836284664132,4.214548273839558,4.453344020108081,5.164569397121962
22,0.7333333333333333,00:00.733,True,722.1214599609375,602.3348388671875,1217.8170166015625,571.264404296875,664.0,599.0,765.0,600.0,714.5,599.5,0.35,edge_band,714.5,599.5,1161.0,572.0,1264.0,568.0,1212.5,570.0,0.6625,edge_band,1212.5,570.0,963.5,584.75,8.131602753399255,5.465288992107115,1.798139204108729,3.5715406715162894
23,0.7666666666666667,00:00.767,True,722.8514404296875,602.5797119140625,1218.332275390625,573.0513916015625,668.0,603.0,766.0,600.0,717.0,601.5,0.375,edge_band,717.0,601.5,1161.0,572.0,1269.0,570.0,1215.0,571.0,1.0,edge_band,1215.0,571.0,966.0,586.25,5.95022124963013,3.9130891609987826,3.0465081043913265,1.9866098085087078
24,0.8,00:00.800,True,722.1698608398438,604.1940307617188,1218.379638671875,572.4583740234375,668.0,603.0,767.0,601.0,717.5,602.0,0.2625,edge_band,717.5,602.0,1161.0,573.0,1270.0,570.0,1215.5,571.5,0.7125,edge_band,1215.5,571.5,966.5,586.75,5.159590220829008,3.034929924950129,3.02117979805502,2.4518829863584104
25,0.8333333333333334,00:00.833,True,723.1519775390625,603.6863403320312,1219.7913818359375,572.60205078125,666.0,601.0,767.0,601.0,716.5,601.0,0.1875,edge_band,716.5,601.0,1164.0,575.0,1269.0,570.0,1216.5,572.5,0.4875,edge_band,1216.5,572.5,966.5,586.75,7.173927066794711,3.2929635211907593,2.708431472926989,2.9175299246444992
26,0.8666666666666667,00:00.867,True,723.4157104492188,604.176513671875,1219.605712890625,572.8021850585938,667.0,601.0,768.0,606.0,717.5,603.5,0.2625,edge_band,717.5,603.5,1164.0,570.0,1269.0,572.0,1216.5,571.0,0.6625,edge_band,1216.5,571.0,967.0,587.25,5.954267450092387,3.5907274394491226,2.702727933509526,2.551462778744928
27,0.9,00:00.900,True,724.41845703125,609.4310302734375,1220.12451171875,577.009765625,667.0,606.0,768.0,608.0,717.5,607.0,0.55,edge_band,717.5,607.0,1165.0,576.0,1269.0,577.0,1217.0,576.5,0.6875,edge_band,1217.0,576.5,967.25,591.75,7.333140928935034,3.165822874552163,2.8710535242062214,3.1399884601322228
28,0.9333333333333333,00:00.933,True,723.9267578125,610.1365966796875,1218.2978515625,578.0076904296875,666.0,611.0,768.0,609.0,717.0,610.0,0.275,edge_band,717.0,610.0,1167.0,577.0,1267.0,575.0,1217.0,576.0,0.375,edge_band,1217.0,576.0,967.0,593.0,6.928104534858826,2.3906567172520754,4.182183474894666,3.1862799709433283
29,0.9666666666666667,00:00.967,True,723.7384033203125,608.4373779296875,1218.355224609375,577.30224609375,666.0,608.0,768.0,608.0,717.0,608.0,0.275,edge_band,717.0,608.0,1165.0,575.0,1267.0,576.0,1216.0,575.5,0.4125,edge_band,1216.0,575.5,966.5,591.75,6.75258311763552,2.9656658515488146,4.030808386902685,2.83183369049762
30,1.0,00:01.000,True,724.2821044921875,609.1580810546875,1218.62060546875,577.1449584960938,666.0,607.0,768.0,609.0,717.0,608.0,0.4875,edge_band,717.0,608.0,1163.0,574.0,1267.0,576.0,1215.0,575.0,0.5875,edge_band,1215.0,575.0,966.0,591.5,7.373614959052546,4.208281229944972,2.661328556012137,3.033248290183499
31,1.0333333333333334,00:01.033,True,725.7171630859375,609.6692504882812,1219.645263671875,578.9585571289062,671.0,607.0,770.0,609.0,720.5,608.0,0.475,edge_band,720.5,608.0,1164.0,576.0,1268.0,576.0,1216.0,576.0,0.5,edge_band,1216.0,576.0,968.25,592.0,5.477699139045161,4.694785141249128,2.620240183207486,1.4067477390841132
32,1.0666666666666667,00:01.067,True,727.9583129882812,610.2109985351562,1222.518798828125,579.490478515625,674.0,607.0,771.0,608.0,722.5,607.5,0.3875,edge_band,722.5,607.5,1171.0,580.0,1270.0,577.0,1220.5,578.5,0.5,edge_band,1220.5,578.5,971.5,593.0,6.094480596052392,2.2486877058305756,3.538855715472194,3.4839985093809274
33,1.1,00:01.100,True,745.6875,610.578857421875,1237.125244140625,582.4048461914062,688.0,608.0,788.0,609.0,738.0,608.5,0.275,edge_band,738.0,608.5,1184.0,582.0,1285.0,582.0,1234.5,582.0,0.5375,edge_band,1234.5,582.0,986.25,595.25,7.963623825274821,2.6562769502787242,9.0641790856853,11.06806115843414
34,1.1333333333333333,00:01.133,True,747.3053588867188,611.4528198242188,1239.6544189453125,583.0994262695312,688.0,608.0,793.0,614.0,740.5,611.0,0.4625,edge_band,740.5,611.0,1185.0,584.0,1287.0,580.0,1236.0,582.0,0.5,edge_band,1236.0,582.0,988.25,596.5,6.820407273048096,3.816217492491004,12.149646069388247,13.403952760604772
35,1.1666666666666667,00:01.167,True,757.3087768554688,612.1256103515625,1248.283203125,585.0775756835938,714.0,611.0,792.0,613.0,753.0,612.0,0.3375,edge_band,753.0,612.0,1213.0,584.0,1288.0,582.0,1250.5,583.0,0.4,edge_band,1250.5,583.0,1001.75,597.5,4.310607376071593,3.0381752921893437,15.487641201932668,16.656326402623282
36,1.2,00:01.200,True,769.1187744140625,612.732666015625,1261.363037109375,585.8211669921875,716.0,616.0,815.0,616.0,765.5,616.0,0.2375,edge_band,765.5,616.0,1224.0,588.0,1301.0,589.0,1262.5,588.5,0.4,edge_band,1262.5,588.5,1014.0,602.25,4.875551212460516,2.910125581208502,19.56578877823265,19.738901934220365
37,1.2333333333333334,00:01.233,True,769.4940795898438,613.4537353515625,1264.351318359375,586.2554931640625,720.0,612.0,816.0,611.0,768.0,611.5,0.4375,edge_band,768.0,611.5,1227.0,583.0,1308.0,585.0,1267.5,584.0,0.4,edge_band,1267.5,584.0,1017.75,597.75,2.4595437879274917,3.873169953299443,16.51317499202889,17.691847881663858
38,1.2666666666666666,00:01.267,True,773.2430419921875,613.2784423828125,1266.846435546875,586.3428955078125,711.0,610.0,818.0,613.0,764.5,611.5,0.5625,edge_band,764.5,611.5,1229.0,584.0,1311.0,589.0,1270.0,586.5,0.2375,edge_band,1270.0,586.5,1017.25,599.0,8.922087232600775,3.1574753493066376,13.546542081550363,16.733799251758338
39,1.3,00:01.300,True,773.548828125,614.4271240234375,1268.696044921875,586.2802734375,723.0,616.0,819.0,614.0,771.0,615.0,0.325,edge_band,771.0,615.0,1230.0,587.0,1330.0,583.0,1280.0,585.0,0.4875,edge_band,1280.0,585.0,1025.5,600.0,2.612414916377843,11.376225229971322,8.989107442941934,12.963795079877066
40,1.3333333333333333,00:01.333,True,775.2872314453125,611.4962768554688,1270.421630859375,584.6412353515625,726.0,610.0,819.0,609.0,772.5,609.5,0.4625,edge_band,772.5,609.5,1234.0,582.0,1332.0,583.0,1283.0,582.5,0.475,edge_band,1283.0,582.5,1027.75,596.0,3.428378685824979,12.75932047832518,6.145223493354635,10.934588675312547
41,1.3666666666666667,00:01.367,True,774.2307739257812,614.0858154296875,1267.2265625,588.9895629882812,724.0,616.0,822.0,615.0,773.0,615.5,0.2875,edge_band,773.0,615.5,1226.0,592.0,1314.0,587.0,1270.0,589.5,0.85,edge_band,1270.0,589.5,1021.5,602.5,1.8747593059624854,2.8200179980522497,6.105421423713279,9.583023969985398
42,1.4,00:01.400,True,774.5238037109375,614.77978515625,1268.681396484375,588.2728881835938,727.0,616.0,822.0,616.0,774.5,616.0,0.375,edge_band,774.5,616.0,1206.0,589.0,1330.0,585.0,1268.0,587.0,0.2625,edge_band,1268.0,587.0,1021.25,601.5,1.2204470007182748,1.4437955176725012,6.745948798904248,9.380660323739484
43,1.4333333333333333,00:01.433,True,775.7698974609375,614.4501953125,1267.751708984375,589.1846313476562,725.0,616.0,840.0,617.0,782.5,616.5,0.35,edge_band,782.5,616.5,1206.0,589.0,1322.0,589.0,1264.0,589.0,0.35,edge_band,1264.0,589.0,1023.25,602.75,7.0353379054024465,3.7562493311783043,7.3864059347644435,11.02662345937608
44,1.4666666666666666,00:01.467,True,776.1277465820312,614.1695556640625,1268.3306884765625,588.7860717773438,728.0,616.0,823.0,615.0,775.5,615.5,0.325,edge_band,775.5,615.5,1206.0,588.0,1326.0,589.0,1266.0,588.5,0.6,edge_band,1266.0,588.5,1020.75,602.0,1.4711043138676783,2.34817925988921,6.918297905814745,10.338320373273223
45,1.5,00:01.500,True,776.6005249023438,613.0658569335938,1270.60400390625,589.2899169921875,728.0,616.0,824.0,613.0,776.0,614.5,0.35,edge_band,776.0,614.5,1230.0,588.0,1324.0,592.0,1277.0,590.0,0.325,edge_band,1277.0,590.0,1026.5,602.25,1.5547978946654424,6.435292060912955,4.39196229839823,6.151086443322391
46,1.5333333333333334,00:01.533,True,777.005126953125,612.5645751953125,1271.1845703125,588.45458984375,728.0,614.0,824.0,613.0,776.0,613.5,0.2625,edge_band,776.0,613.5,1228.0,591.0,1332.0,585.0,1280.0,588.0,0.3,edge_band,1280.0,588.0,1028.0,600.75,1.373062182540541,8.827142941025539,4.39398703942641,8.189101800615559
47,1.5666666666666667,00:01.567,True,776.3885498046875,611.7433471679688,1271.27685546875,588.7437133789062,716.0,610.0,823.0,611.0,769.5,610.5,0.1875,edge_band,769.5,610.5,1210.0,592.0,1324.0,592.0,1267.0,592.0,0.2125,edge_band,1267.0,592.0,1018.25,601.25,6.999859326569078,5.375397218744949,6.9038030325815924,8.771410034983383
48,1.6,00:01.600,True,762.5518188476562,611.8660278320312,1251.152099609375,583.453125,700.0,612.0,807.0,613.0,753.5,612.5,0.35,edge_band,753.5,612.5,1187.0,580.0,1300.0,580.0,1243.5,580.0,0.3125,edge_band,1243.5,580.0,998.5,596.25,9.073992790417233,8.395159361049796,11.602123013432779,18.91064412701124
49,1.6333333333333333,00:01.633,True,761.3648681640625,611.6778564453125,1251.3486328125,587.0606689453125,700.0,611.0,809.0,613.0,754.5,612.0,0.1875,edge_band,754.5,612.0,1203.0,587.0,1296.0,585.0,1249.5,586.0,0.3875,edge_band,1249.5,586.0,1002.0,599.0,6.872422526284711,2.1313052073792695,12.70473847696296,20.903885644094817
50,1.6666666666666667,00:01.667,True,762.3329467773438,612.0225830078125,1252.288818359375,587.5597534179688,702.0,609.0,808.0,612.0,755.0,610.5,0.175,edge_band,755.0,610.5,1203.0,585.0,1298.0,589.0,1250.5,587.0,0.4625,edge_band,1250.5,587.0,1002.75,598.75,7.489350269217981,1.8743518911252404,11.663618470939705,19.366698386227693
51,1.7,00:01.700,True,761.4158935546875,611.9124755859375,1252.4254150390625,588.2265625,693.0,609.0,806.0,610.0,749.5,609.5,0.4625,edge_band,749.5,609.5,1204.0,585.0,1298.0,590.0,1251.0,587.5,0.6125,edge_band,1251.0,587.5,1000.25,598.5,12.157654282771311,1.5999065910208004,8.860188538919974,13.051876890083632
52,1.7333333333333334,00:01.733,True,761.9002075195312,612.4552612304688,1253.5599365234375,587.7156372070312,702.0,612.0,807.0,615.0,754.5,613.5,0.3,edge_band,754.5,613.5,1205.0,585.0,1299.0,587.0,1252.0,586.0,0.4625,edge_band,1252.0,586.0,1003.25,599.75,7.473590196731991,2.3187955889435927,3.8440924476913696,6.398413911713777
53,1.7666666666666666,00:01.767,True,762.0230712890625,612.2168579101562,1253.8314208984375,587.6341552734375,702.0,612.0,805.0,613.0,753.5,612.5,0.1875,edge_band,753.5,612.5,1205.0,585.0,1301.0,585.0,1253.0,585.0,0.3875,edge_band,1253.0,585.0,1003.25,598.75,8.527773076336084,2.7622517472050245,3.8440924476913696,2.3256050430925725
54,1.8,00:01.800,True,763.058349609375,611.2744750976562,1253.0775146484375,586.9061889648438,702.0,612.0,761.0,611.0,731.5,611.5,0.125,edge_band,731.5,611.5,1205.0,585.0,1311.0,585.0,1258.0,585.0,0.3625,edge_band,1258.0,585.0,994.75,598.25,31.55915543149272,5.278675819373594,11.490730143554131,4.148497216397918
55,1.8333333333333333,00:01.833,True,728.7649536132812,611.6302490234375,1223.797607421875,582.9221801757812,756.0,613.0,761.0,609.0,758.5,611.0,0.125,edge_band,758.5,611.0,1223.0,581.0,1285.0,585.0,1254.0,583.0,0.3625,edge_band,1254.0,583.0,1006.25,597.0,29.74172485670358,30.202492833675525,12.075931129781694,4.345018889737251
56,1.8666666666666667,00:01.867,True,705.3907470703125,613.3980102539062,1202.7357177734375,584.1585693359375,653.0,616.0,737.0,613.0,695.0,614.5,0.05,edge_band,695.0,614.5,1151.0,581.0,1256.0,587.0,1203.5,584.0,0.5125,edge_band,1203.5,584.0,949.25,599.25,10.449019383640914,0.7805584898897663,27.99397328100294,23.950260913759777
57,1.9,00:01.900,True,702.5460815429688,612.2926025390625,1197.702392578125,582.1668701171875,647.0,611.0,739.0,615.0,693.0,613.0,0.175,edge_band,693.0,613.0,1208.0,583.0,1253.0,582.0,1230.5,582.5,0.45,edge_band,1230.5,582.5,961.75,597.75,9.57225595106762,32.79929920163315,32.563456486368395,24.11461774694901
58,1.9333333333333333,00:01.933,True,692.7949829101562,614.9900512695312,1189.960693359375,582.9723510742188,718.0,612.0,723.0,613.0,720.5,612.5,0.1,edge_band,720.5,612.5,1141.0,580.0,1241.0,582.0,1191.0,581.0,0.225,edge_band,1191.0,581.0,955.75,596.75,27.8166915227787,2.2294230314633157,28.610359971038484,31.30625450971055
59,1.9666666666666666,00:01.967,True,679.1246948242188,613.8873901367188,1179.723388671875,585.3607177734375,623.0,616.0,713.0,611.0,668.0,613.5,0.425,edge_band,668.0,613.5,1194.0,588.0,1230.0,588.0,1212.0,588.0,0.675,edge_band,1212.0,588.0,940.0,600.75,11.13143773508285,32.38433957174819,35.556077171254245,27.270103483344286
60,2.0,00:02.000,True,675.8394165039062,612.88134765625,1176.584716796875,585.541748046875,620.0,615.0,707.0,616.0,663.5,615.5,0.225,edge_band,663.5,615.5,1135.0,588.0,1229.0,589.0,1182.0,588.5,0.325,edge_band,1182.0,588.5,922.75,602.0,12.614219744173688,6.170619643780975,24.282829263567752,22.164711349599585
61,2.033333333333333,00:02.033,True,676.0567626953125,612.2137451171875,1176.123779296875,584.6180419921875,619.0,612.0,705.0,613.0,662.0,612.5,0.15,edge_band,662.0,612.5,1130.0,584.0,1231.0,587.0,1180.5,585.5,0.3,edge_band,1180.5,585.5,921.25,599.0,14.059677070625169,4.464208504315683,26.442708110456852,24.84769882819829
62,2.066666666666667,00:02.067,True,669.0079956054688,610.84375,1166.326171875,585.2701416015625,670.0,608.0,725.0,608.0,697.5,608.0,0.075,edge_band,697.5,608.0,1175.0,582.0,1206.0,584.0,1190.5,583.0,0.3375,edge_band,1190.5,583.0,944.0,595.5,28.633568210764235,24.280187583875577,28.53677439588969,15.786041878452725
63,2.1,00:02.100,True,664.8057861328125,611.52783203125,1162.754150390625,585.46484375,667.0,612.0,690.0,609.0,678.5,610.5,0.15,edge_band,678.5,610.5,1178.0,585.0,1215.0,582.0,1196.5,583.5,0.425,edge_band,1196.5,583.5,937.5,597.0,13.732732143486013,33.803002482330896,17.55815889323391,15.304599516367372
64,2.1333333333333333,00:02.133,True,660.3655395507812,613.8353881835938,1161.696533203125,585.4168701171875,671.0,617.0,689.0,616.0,680.0,616.5,0.0375,edge_band,680.0,616.5,1124.0,584.0,1201.0,585.0,1162.5,584.5,0.2875,edge_band,1162.5,584.5,921.25,600.5,19.814444056396514,1.2191020078205075,17.966561574723208,15.06548842871927
65,2.1666666666666665,00:02.167,True,658.4610595703125,613.1163330078125,1158.872802734375,584.4054565429688,611.0,613.0,688.0,615.0,649.5,614.0,0.1375,edge_band,649.5,614.0,1123.0,586.0,1202.0,586.0,1162.5,586.0,0.2625,edge_band,1162.5,586.0,906.0,600.0,9.004524194857325,3.9622126192468077,21.633298952953577,16.95914201975656
66,2.2,00:02.200,True,657.3199462890625,611.5419311523438,1157.0523681640625,582.477783203125,640.0,609.0,687.0,614.0,663.5,611.5,0.025,edge_band,663.5,611.5,1118.0,583.0,1209.0,579.0,1163.5,581.0,0.625,edge_band,1163.5,581.0,913.5,596.25,6.180195958997517,6.614816663161055,21.424904869391078,18.785846056345605
67,2.2333333333333334,00:02.233,True,656.8125610351562,610.3809814453125,1157.3914794921875,581.3225708007812,639.0,609.0,639.0,609.0,639.0,609.0,0.0125,edge_band,639.0,609.0,1173.0,580.0,1197.0,581.0,1185.0,580.5,0.4375,edge_band,1185.0,580.5,912.0,594.75,17.86601355600807,27.620771664683833,20.885069854504106,18.156354731115005
68,2.2666666666666666,00:02.267,True,657.0747680664062,610.5072021484375,1154.928466796875,581.1867065429688,,,,,657.0747680664062,610.5072021484375,0.0,iris_landmark_center,,,1116.0,582.0,1200.0,581.0,1158.0,581.5,0.45,edge_band,1158.0,581.5,907.5373840332031,596.0036010742188,,3.087469677279101,18.365905823785262,13.082383655934061
69,2.3,00:02.300,True,655.65576171875,609.8161010742188,1153.589111328125,582.0390014648438,684.0,607.0,685.0,607.0,684.5,607.0,0.025,edge_band,684.5,607.0,1186.0,584.0,1205.0,582.0,1195.5,583.0,0.4375,edge_band,1195.5,583.0,940.0,595.0,28.981382080324327,41.921904864293474,19.690700262691035,18.61816699422959
70,2.3333333333333335,00:02.333,True,652.2332763671875,611.4644775390625,1153.740234375,580.4752197265625,676.0,610.0,681.0,612.0,678.5,611.0,0.1625,edge_band,678.5,611.0,1182.0,583.0,1203.0,580.0,1192.5,581.5,0.2,edge_band,1192.5,581.5,935.5,596.25,26.270830017090137,38.773310484323595,19.86842377273883,18.05046620171304
71,2.3666666666666667,00:02.367,True,653.4945068359375,611.8999633789062,1151.941162109375,580.3446044921875,603.0,614.0,681.0,610.0,642.0,612.0,0.125,edge_band,642.0,612.0,1173.0,583.0,1202.0,580.0,1187.5,581.5,0.35,edge_band,1187.5,581.5,914.75,596.75,11.494942136738826,35.57760378259364,22.661180432673284,15.838489557037045
72,2.4,00:02.400,True,653.4669189453125,611.5643310546875,1153.0989990234375,580.48095703125,603.0,615.0,681.0,611.0,642.0,613.0,0.2125,edge_band,642.0,613.0,1112.0,581.0,1202.0,581.0,1157.0,581.0,0.3375,edge_band,1157.0,581.0,899.5,597.0,11.556443026247369,3.935379806645147,22.25352889288982,19.78261407650636
73,2.433333333333333,00:02.433,True,655.903564453125,610.2229614257812,1156.522705078125,579.1380615234375,677.0,612.0,683.0,607.0,680.0,609.5,0.0875,edge_band,680.0,609.5,1112.0,576.0,1207.0,581.0,1159.5,578.5,0.5375,edge_band,1159.5,578.5,919.75,594.0,24.107278554160125,3.0448986123537916,23.820193328102288,20.271529415798287
74,2.466666666666667,00:02.467,True,695.2452392578125,605.7240600585938,1198.6387939453125,574.4822998046875,653.0,608.0,731.0,606.0,692.0,607.0,0.1375,edge_band,692.0,607.0,1150.0,575.0,1234.0,571.0,1192.0,573.0,0.4,edge_band,1192.0,573.0,942.0,590.0,3.487061882806672,6.80226416418052,25.670087300821844,21.513390034945118
75,2.5,00:02.500,True,715.8360595703125,602.78076171875,1213.054931640625,570.1983642578125,661.0,600.0,760.0,606.0,710.5,603.0,0.1875,edge_band,710.5,603.0,1158.0,573.0,1260.0,568.0,1209.0,570.5,0.3875,edge_band,1209.0,570.5,959.75,586.75,5.340561502491014,4.066135109794897,34.6061007658442,27.196282766737188
76,2.533333333333333,00:02.533,True,717.5625,601.5774536132812,1213.6461181640625,569.8638916015625,663.0,600.0,759.0,602.0,711.0,601.0,0.525,edge_band,711.0,601.0,1166.0,568.0,1261.0,567.0,1213.5,567.5,0.55,edge_band,1213.5,567.5,962.25,584.25,6.587856929646512,2.3684032641859614,33.246745042956746,32.343035434677915
77,2.566666666666667,00:02.567,True,719.6497192382812,599.8099975585938,1214.978271484375,569.5916748046875,667.0,597.0,774.0,600.0,720.5,598.5,0.5375,edge_band,720.5,598.5,1165.0,569.0,1263.0,571.0,1214.0,570.0,0.5375,edge_band,1214.0,570.0,967.25,584.25,1.56175253394083,1.0600681875559974,20.856033095041596,27.27573317651293
78,2.6,00:02.600,True,722.4651489257812,599.2298583984375,1217.281005859375,568.3796997070312,667.0,596.0,777.0,601.0,722.0,598.5,0.35,edge_band,722.0,598.5,1160.0,565.0,1262.0,565.0,1211.0,565.0,0.6,edge_band,1211.0,565.0,966.5,581.75,0.8654806785395057,7.132559478560989,15.521592863353515,12.166863569420146
79,2.6333333333333333,00:02.633,True,724.4287719726562,599.4566040039062,1218.276611328125,568.7792358398438,670.0,596.0,766.0,596.0,718.0,596.0,0.3625,edge_band,718.0,596.0,1165.0,568.0,1264.0,566.0,1214.5,567.0,0.5625,edge_band,1214.5,567.0,966.25,581.5,7.2991246267091,4.1747423031256155,8.03352334139167,4.59300922430538
80,2.6666666666666665,00:02.667,True,726.1262817382812,598.4983520507812,1219.601806640625,569.5401000976562,671.0,599.0,768.0,599.0,719.5,599.0,0.2625,edge_band,719.5,599.0,1165.0,569.0,1267.0,567.0,1216.0,568.0,0.55,edge_band,1216.0,568.0,967.75,583.5,6.64524343722899,3.917259167741029,6.062623926721061,3.6262338906137903
81,2.7,00:02.700,True,726.6871948242188,599.1895751953125,1219.730224609375,569.02294921875,672.0,596.0,770.0,597.0,721.0,596.5,0.225,edge_band,721.0,596.5,1167.0,571.0,1267.0,567.0,1217.0,569.0,0.5125,edge_band,1217.0,569.0,969.0,582.75,6.291104807572419,2.7303210588277174,2.875720676807533,4.214826253645676
82,2.7333333333333334,00:02.733,True,727.8486938476562,598.0574951171875,1219.504638671875,567.9212646484375,672.0,596.0,769.0,595.0,720.5,595.5,0.175,edge_band,720.5,595.5,1167.0,568.0,1265.0,565.0,1216.0,566.5,0.4125,edge_band,1216.0,566.5,968.25,581.0,7.781007810111665,3.7818626920209484,3.082036218436656,3.8724188866888913
83,2.7666666666666666,00:02.767,True,729.7880249023438,593.884765625,1218.287353515625,564.2317504882812,676.0,592.0,771.0,591.0,723.5,591.5,0.2375,edge_band,723.5,591.5,1203.0,564.0,1283.0,564.0,1243.0,564.0,0.55,edge_band,1243.0,564.0,983.25,577.75,6.7250549632457854,24.713733116437723,4.737483321703298,14.047614267804581
84,2.8,00:02.800,True,733.1859130859375,587.1369018554688,1215.6595458984375,560.1380615234375,680.0,584.0,774.0,584.0,727.0,584.0,0.2625,edge_band,727.0,584.0,1167.0,557.0,1261.0,563.0,1214.0,560.0,0.475,edge_band,1214.0,560.0,970.5,572.0,6.935825398437888,1.66527882748644,8.871228200050842,15.84074641081039
85,2.8333333333333335,00:02.833,True,739.1045532226562,578.5369262695312,1211.1934814453125,554.16552734375,693.0,582.0,733.0,576.0,713.0,579.0,0.275,edge_band,713.0,579.0,1163.0,553.0,1256.0,554.0,1209.5,553.5,0.3375,edge_band,1209.5,553.5,961.25,566.25,26.10866017692871,1.8195620492021272,12.731269352724091,19.307240683687855
86,2.8666666666666667,00:02.867,True,751.984375,558.7243041992188,1206.367431640625,533.8441162109375,704.0,560.0,793.0,556.0,748.5,558.0,0.2375,edge_band,748.5,558.0,1194.0,531.0,1249.0,536.0,1221.5,533.5,0.675,edge_band,1221.5,533.5,985.0,545.75,3.558860170564575,15.136480473273414,28.00582320362176,26.379703065635944
87,2.9,00:02.900,True,764.0797119140625,534.4609375,1194.938720703125,513.2122192382812,709.0,533.0,802.0,531.0,755.5,532.0,0.125,edge_band,755.5,532.0,1149.0,512.0,1232.0,510.0,1190.5,511.0,0.5375,edge_band,1190.5,511.0,973.0,521.5,8.925674759210771,4.959451122712287,41.91846609305924,41.12357363923002
88,2.933333333333333,00:02.933,True,775.812744140625,517.9136962890625,1182.3287353515625,497.2139587402344,734.0,519.0,811.0,515.0,772.5,517.0,0.1125,edge_band,772.5,517.0,1140.0,498.0,1218.0,494.0,1179.0,496.0,0.4,edge_band,1179.0,496.0,975.75,506.5,3.4364392399534514,3.5431871053803174,52.64656996801213,44.87738199966546
89,2.966666666666667,00:02.967,True,790.1793212890625,507.05389404296875,1170.85986328125,486.982177734375,746.0,505.0,825.0,505.0,785.5,505.0,0.425,edge_band,785.5,505.0,1130.0,485.0,1205.0,488.0,1167.5,486.5,0.325,edge_band,1167.5,486.5,976.5,495.75,5.110237613459481,3.3942858801549147,57.77606716580729,49.41670495899683
90,3.0,00:03.000,True,795.7432250976562,495.1703186035156,1160.48779296875,475.513671875,760.0,496.0,830.0,493.0,795.0,494.5,0.2625,edge_band,795.0,494.5,1122.0,474.0,1193.0,477.0,1157.5,475.5,0.475,edge_band,1157.5,475.5,976.25,485.0,1.0008549225563512,2.9878242492285176,44.40277258609733,47.308406382810446
91,3.033333333333333,00:03.033,True,806.5035400390625,488.89776611328125,1150.986328125,469.5218200683594,775.0,489.0,843.0,488.0,809.0,488.5,0.4,edge_band,809.0,488.5,1116.0,469.0,1181.0,471.0,1148.5,470.0,0.4,edge_band,1148.5,470.0,978.75,479.25,2.5279498051660236,2.531893282148726,38.076063369914266,33.10067336203019
92,3.066666666666667,00:03.067,True,816.7127685546875,484.20880126953125,1145.7491455078125,469.96795654296875,786.0,486.0,845.0,482.0,815.5,484.0,0.3375,edge_band,815.5,484.0,1109.0,469.0,1176.0,471.0,1142.5,470.0,0.5625,edge_band,1142.5,470.0,979.0,477.0,1.2306118548903506,3.2493035121509752,30.710257353687176,26.013792056973358
93,3.1,00:03.100,True,825.4963989257812,480.66461181640625,1138.71826171875,466.4396057128906,793.0,480.0,852.0,479.0,822.5,479.5,0.1875,edge_band,822.5,479.5,1102.0,466.0,1169.0,468.0,1135.5,467.0,0.4125,edge_band,1135.5,467.0,979.0,473.25,3.2147670530438273,3.2666879629674654,25.011425468073504,20.292528302901495
94,3.1333333333333333,00:03.133,True,828.3084106445312,480.81732177734375,1130.941162109375,466.36590576171875,801.0,480.0,856.0,479.0,828.5,479.5,0.225,edge_band,828.5,479.5,1098.0,468.0,1154.0,464.0,1126.0,466.0,0.1875,edge_band,1126.0,466.0,977.25,472.75,1.3311811094637076,4.954691717713845,19.34815688271729,15.753321897858422
95,3.1666666666666665,00:03.167,True,828.6492919921875,482.4500427246094,1124.6187744140625,469.0619201660156,800.0,484.0,859.0,480.0,829.5,482.0,0.175,edge_band,829.5,482.0,1092.0,467.0,1149.0,469.0,1120.5,468.0,0.2625,edge_band,1120.5,468.0,975.0,475.0,0.9624149669088393,4.253466481932889,12.483790894747148,13.291028089608444
96,3.2,00:03.200,True,836.7625732421875,488.65478515625,1125.239501953125,474.6376037597656,809.0,488.0,868.0,487.0,838.5,487.5,0.1625,edge_band,838.5,487.5,1098.0,475.0,1154.0,473.0,1126.0,474.0,0.4625,edge_band,1126.0,474.0,982.25,480.75,2.0861880298425146,0.9924191824868918,11.934226308009444,11.947207938776284
97,3.2333333333333334,00:03.233,True,820.84521484375,488.90850830078125,1107.255615234375,481.20269775390625,800.0,489.0,821.0,487.0,810.5,488.0,0.1,edge_band,810.5,488.0,1078.0,482.0,1120.0,479.0,1099.0,480.5,0.2625,edge_band,1099.0,480.5,954.75,484.25,10.385030452335409,8.285467218653965,14.526663309461831,19.742804380183586
98,3.2666666666666666,00:03.267,True,856.0596923828125,481.1080017089844,1152.8770751953125,488.9112854003906,830.0,479.0,871.0,479.0,850.5,479.0,0.0875,edge_band,850.5,479.0,,,,,1152.8770751953125,488.9112854003906,0.0,iris_landmark_center,,,1001.6885375976562,483.9556427001953,5.945910409397738,,19.006810844600942,28.60711496839317
99,3.3,00:03.300,True,844.8634033203125,495.31072998046875,1152.6402587890625,497.6062927246094,,,,,844.8634033203125,495.31072998046875,0.0,iris_landmark_center,,,1121.0,496.0,1122.0,496.0,1121.5,496.0,0.025,edge_band,1121.5,496.0,983.1817016601562,495.6553649902344,,31.181659573648695,21.923347066489804,30.476858523510778
100,3.3333333333333335,00:03.333,True,826.69921875,507.59295654296875,1131.5423583984375,502.96240234375,,,,,826.69921875,507.59295654296875,0.0,iris_landmark_center,,,1120.0,501.0,1122.0,503.0,1121.0,502.0,0.05,edge_band,1121.0,502.0,973.849609375,504.7964782714844,,10.586195675140393,26.63661847506262,30.544320958812946
101,3.3666666666666667,00:03.367,True,873.7858276367188,504.4562072753906,1170.9495849609375,488.17242431640625,865.0,506.0,867.0,506.0,866.0,506.0,0.0375,edge_band,866.0,506.0,1193.0,490.0,1197.0,490.0,1195.0,490.0,0.0625,edge_band,1195.0,490.0,1030.5,498.0,7.937405619297172,24.11975324149123,33.632812913578185,45.32677842296698
102,3.4,00:03.400,True,825.2083740234375,494.47509765625,1131.035400390625,488.3533630371094,792.0,496.0,850.0,492.0,821.0,494.0,0.125,edge_band,821.0,494.0,1098.0,487.0,1099.0,490.0,1098.5,488.5,0.05,edge_band,1098.5,488.5,959.75,491.25,4.235106811417839,32.53573083514749,29.7239300617001,43.2179495335403
103,3.433333333333333,00:03.433,True,880.7711791992188,504.54925537109375,1177.24609375,485.84185791015625,850.0,503.0,921.0,505.0,885.5,504.0,0.4625,edge_band,885.5,504.0,1146.0,484.0,1199.0,487.0,1172.5,485.5,0.125,edge_band,1172.5,485.5,1029.0,494.75,4.760612106502351,4.758389718646998,33.303338852247336,46.87716977066704
104,3.466666666666667,00:03.467,True,816.6424560546875,507.957275390625,1118.3797607421875,500.6236267089844,786.0,507.0,823.0,510.0,804.5,508.5,0.225,edge_band,804.5,508.5,1087.0,501.0,1144.0,503.0,1115.5,502.0,0.15,edge_band,1115.5,502.0,960.0,505.25,12.154578933127974,3.1917746424936526,39.55168667849193,48.95766077218626
105,3.5,00:03.500,True,883.12744140625,510.9652404785156,1179.495361328125,491.32080078125,848.0,513.0,911.0,511.0,879.5,512.0,0.225,edge_band,879.5,512.0,1145.0,491.0,1216.0,489.0,1180.5,490.0,0.25,edge_band,1180.5,490.0,1030.0,501.0,3.772142418186189,1.659461829864542,43.14980196243581,48.9580966698216
106,3.533333333333333,00:03.533,True,817.1734619140625,512.923828125,1125.570556640625,501.1795349121094,793.0,514.0,844.0,515.0,818.5,514.5,0.125,edge_band,818.5,514.5,1090.0,499.0,1146.0,501.0,1118.0,500.0,0.0875,edge_band,1118.0,500.0,968.25,507.25,2.060102199645382,7.661894704170513,45.81499003778435,44.275691458337626
107,3.566666666666667,00:03.567,True,870.7512817382812,520.4248657226562,1168.43701171875,499.7377014160156,839.0,518.0,900.0,521.0,869.5,519.5,0.4,edge_band,869.5,519.5,1136.0,500.0,1205.0,501.0,1170.5,500.5,0.2875,edge_band,1170.5,500.5,1020.0,510.0,1.555982838433835,2.1993225729118073,43.169459704154875,39.241102672823665
108,3.6,00:03.600,True,817.8894653320312,521.4751586914062,1121.442626953125,508.1640625,789.0,522.0,844.0,519.0,816.5,520.5,0.1875,edge_band,816.5,520.5,1085.0,506.0,1143.0,506.0,1114.0,506.0,0.4,edge_band,1114.0,506.0,965.25,513.25,1.6975124100700594,7.750862046720285,39.250629650914156,38.81436000477136
109,3.6333333333333333,00:03.633,True,858.1575927734375,545.3346557617188,1162.939453125,546.5678100585938,,,,,858.1575927734375,545.3346557617188,0.0,iris_landmark_center,,,1136.0,549.0,1192.0,549.0,1164.0,549.0,0.05,edge_band,1164.0,549.0,1011.0787963867188,547.1673278808594,,2.6533577944088136,42.546768957355546,54.122452879236235
110,3.6666666666666665,00:03.667,True,854.8464965820312,557.7894897460938,1146.0426025390625,541.9747314453125,822.0,560.0,855.0,556.0,838.5,558.0,0.0875,edge_band,838.5,558.0,1122.0,540.0,1166.0,544.0,1144.0,542.0,0.275,edge_band,1144.0,542.0,991.25,550.0,16.347852001818435,2.0427588287511003,42.563324722844214,49.76772097321454
111,3.7,00:03.700,True,861.3607177734375,533.1915893554688,1133.226806640625,529.9802856445312,,,,,861.3607177734375,533.1915893554688,0.0,iris_landmark_center,,,1105.0,531.0,1162.0,528.0,1133.5,529.5,0.125,edge_band,1133.5,529.5,997.4303588867188,531.3457946777344,,0.5525476558174834,37.850338899002125,44.42257951021871
112,3.7333333333333334,00:03.733,True,927.4178466796875,522.3534545898438,1181.4178466796875,529.6715698242188,,,,,927.4178466796875,522.3534545898438,0.0,iris_landmark_center,,,1191.0,528.0,1208.0,530.0,1199.5,529.0,0.125,edge_band,1199.5,529.0,1063.4589233398438,525.6767272949219,,18.094620049287844,57.39985705638322,48.98149441632574
113,3.7666666666666666,00:03.767,True,977.8759765625,554.3829345703125,1210.5634765625,565.2093505859375,972.0,554.0,974.0,554.0,973.0,554.0,0.0375,edge_band,973.0,554.0,1200.0,564.0,1230.0,563.0,1215.0,563.5,0.3125,edge_band,1215.0,563.5,1094.0,558.75,4.8909903213142565,4.754431578762249,71.25646437324093,49.560755224596534
114,3.8,00:03.800,True,999.1061401367188,596.0202026367188,1246.752685546875,605.8720703125,979.0,595.0,991.0,595.0,985.0,595.0,0.0875,edge_band,985.0,595.0,1250.0,606.0,1251.0,605.0,1250.5,605.5,0.025,edge_band,1250.5,605.5,1117.75,600.25,14.142984231650532,3.765740555062625,93.3642932038052,81.2357038842068
115,3.8333333333333335,00:03.833,True,1071.920166015625,625.4932861328125,1286.073486328125,636.2979736328125,1050.0,625.0,1073.0,624.0,1061.5,624.5,0.025,edge_band,1061.5,624.5,1268.0,634.0,1304.0,638.0,1286.0,636.0,0.225,edge_band,1286.0,636.0,1173.75,630.25,10.467400686647272,0.30690149278355383,116.92718465281762,104.65545332839955
116,3.8666666666666667,00:03.867,True,1097.508056640625,652.700439453125,1307.546630859375,660.8633422851562,1084.0,651.0,1087.0,655.0,1085.5,653.0,0.0625,edge_band,1085.5,653.0,1293.0,659.0,1330.0,662.0,1311.5,660.5,0.3625,edge_band,1311.5,660.5,1198.5,656.75,12.011792572538964,3.970030878750015,117.96591722675325,100.24095317457534
117,3.9,00:03.900,True,1126.0697021484375,665.76171875,1327.960693359375,676.7559814453125,1107.0,665.0,1109.0,667.0,1108.0,666.0,0.075,edge_band,1108.0,666.0,1315.0,675.0,1336.0,677.0,1325.5,676.0,0.125,edge_band,1325.5,676.0,1216.75,671.0,18.0712731617711,2.5742027415355224,105.75423469508999,90.1596052197015
118,3.933333333333333,00:03.933,True,1149.753662109375,667.5187377929688,1351.5504150390625,682.2225341796875,1130.0,669.0,1168.0,667.0,1149.0,668.0,0.1625,edge_band,1149.0,668.0,1335.0,680.0,1374.0,684.0,1354.5,682.0,0.6625,edge_band,1354.5,682.0,1251.75,675.0,0.8942146761399995,2.9579676980856067,92.2383390970158,70.99387508821145
119,3.966666666666667,00:03.967,True,1171.252685546875,665.7532958984375,1367.266845703125,682.2232666015625,1169.0,668.0,1192.0,667.0,1180.5,667.5,0.225,edge_band,1180.5,667.5,1351.0,680.0,1390.0,682.0,1370.5,681.0,0.3625,edge_band,1370.5,681.0,1275.5,674.25,9.410834172026929,3.4568291664326636,66.53958728065552,53.0815353533572
120,4.0,00:04.000,True,1182.029296875,656.7894287109375,1380.4290771484375,679.2047119140625,1161.0,655.0,1191.0,656.0,1176.0,655.5,0.425,edge_band,1176.0,655.5,1365.0,677.0,1402.0,679.0,1383.5,678.0,0.3875,edge_band,1383.5,678.0,1279.75,666.75,6.165634371861074,3.298772189183862,49.03438851264746,38.88897618690918
